CustomerId,is_high_risk
CustomerId_1,1
CustomerId_10,1
CustomerId_1001,1
CustomerId_1002,1
CustomerId_1003,1
CustomerId_1004,1
CustomerId_1005,1
CustomerId_1006,1
CustomerId_1007,1
CustomerId_1008,1
CustomerId_1009,1
CustomerId_1010,1
CustomerId_1012,1
CustomerId_1014,1
CustomerId_1016,1
CustomerId_1020,1
CustomerId_1021,1
CustomerId_1022,1
CustomerId_1025,1
CustomerId_1027,1
CustomerId_1028,1
CustomerId_1029,1
CustomerId_1030,1
CustomerId_1031,1
CustomerId_1032,1
CustomerId_1033,1
CustomerId_1034,1
CustomerId_1036,1
CustomerId_1038,1
CustomerId_1039,1
CustomerId_1040,1
CustomerId_1043,1
CustomerId_1044,1
CustomerId_1048,1
CustomerId_1050,1
CustomerId_1052,1
CustomerId_1053,1
CustomerId_1054,1
CustomerId_1055,1
CustomerId_1056,1
CustomerId_1057,1
CustomerId_1058,1
CustomerId_1059,1
CustomerId_1063,1
CustomerId_1064,1
CustomerId_1068,1
CustomerId_1070,1
CustomerId_1071,1
CustomerId_1073,1
CustomerId_1074,1
CustomerId_1078,1
CustomerId_1079,1
CustomerId_1080,1
CustomerId_1081,1
CustomerId_1082,1
CustomerId_1083,1
CustomerId_1084,1
CustomerId_1085,1
CustomerId_1086,1
CustomerId_1087,1
CustomerId_1089,1
CustomerId_1091,1
CustomerId_1092,1
CustomerId_1093,1
CustomerId_1094,1
CustomerId_1095,1
CustomerId_1096,1
CustomerId_1098,1
CustomerId_1099,1
CustomerId_11,1
CustomerId_1101,1
CustomerId_1102,1
CustomerId_1103,1
CustomerId_1104,1
CustomerId_1105,1
CustomerId_1106,1
CustomerId_1108,1
CustomerId_1109,1
CustomerId_1111,1
CustomerId_1112,1
CustomerId_1113,1
CustomerId_1114,1
CustomerId_1116,1
CustomerId_1117,1
CustomerId_1118,1
CustomerId_1119,1
CustomerId_1120,1
CustomerId_1121,1
CustomerId_1122,1
CustomerId_1123,1
CustomerId_1124,1
CustomerId_1125,1
CustomerId_1127,1
CustomerId_1129,1
CustomerId_1130,1
CustomerId_1131,1
CustomerId_1134,1
CustomerId_1135,1
CustomerId_1137,1
CustomerId_1140,1
CustomerId_1141,1
CustomerId_1145,1
CustomerId_1146,1
CustomerId_1147,1
CustomerId_1150,1
CustomerId_1153,1
CustomerId_1154,1
CustomerId_1156,1
CustomerId_1158,1
CustomerId_1159,1
CustomerId_1160,1
CustomerId_1161,1
CustomerId_1162,1
CustomerId_1163,1
CustomerId_1164,1
CustomerId_1165,1
CustomerId_1169,1
CustomerId_1170,1
CustomerId_1171,1
CustomerId_1172,1
CustomerId_1174,1
CustomerId_1175,1
CustomerId_1177,1
CustomerId_1179,1
CustomerId_1180,1
CustomerId_1182,1
CustomerId_1183,1
CustomerId_1184,1
CustomerId_1186,1
CustomerId_1187,1
CustomerId_1189,1
CustomerId_1190,1
CustomerId_1191,1
CustomerId_1192,1
CustomerId_1193,1
CustomerId_1194,1
CustomerId_1195,1
CustomerId_1196,1
CustomerId_1197,1
CustomerId_1198,1
CustomerId_12,1
CustomerId_1200,1
CustomerId_1201,1
CustomerId_1202,1
CustomerId_1203,1
CustomerId_1204,1
CustomerId_1208,1
CustomerId_1209,1
CustomerId_1210,1
CustomerId_1211,1
CustomerId_1212,1
CustomerId_1214,1
CustomerId_1215,1
CustomerId_1217,1
CustomerId_1218,1
CustomerId_1219,1
CustomerId_1220,1
CustomerId_1221,1
CustomerId_1222,1
CustomerId_1223,1
CustomerId_1224,1
CustomerId_1225,1
CustomerId_1226,1
CustomerId_1227,1
CustomerId_1228,1
CustomerId_1229,1
CustomerId_1231,1
CustomerId_1232,1
CustomerId_1233,1
CustomerId_1234,1
CustomerId_1235,1
CustomerId_1236,1
CustomerId_1237,1
CustomerId_1238,1
CustomerId_1240,1
CustomerId_1241,1
CustomerId_1242,1
CustomerId_1244,1
CustomerId_1245,1
CustomerId_1246,1
CustomerId_1247,1
CustomerId_1250,1
CustomerId_1252,1
CustomerId_1253,1
CustomerId_1256,1
CustomerId_1257,1
CustomerId_1258,1
CustomerId_1259,1
CustomerId_1260,1
CustomerId_1262,1
CustomerId_1263,1
CustomerId_1265,1
CustomerId_1266,1
CustomerId_1267,1
CustomerId_1268,1
CustomerId_1269,1
CustomerId_1270,1
CustomerId_1271,1
CustomerId_1272,1
CustomerId_1273,1
CustomerId_1274,1
CustomerId_1275,1
CustomerId_1276,1
CustomerId_1277,1
CustomerId_1279,1
CustomerId_1280,1
CustomerId_1281,1
CustomerId_1282,1
CustomerId_1283,1
CustomerId_1285,1
CustomerId_1286,1
CustomerId_1287,1
CustomerId_1288,1
CustomerId_1294,1
CustomerId_1295,1
CustomerId_1296,1
CustomerId_1297,1
CustomerId_1298,1
CustomerId_1299,1
CustomerId_13,1
CustomerId_1300,1
CustomerId_1301,1
CustomerId_1302,1
CustomerId_1303,1
CustomerId_1304,1
CustomerId_1306,1
CustomerId_1307,1
CustomerId_1308,1
CustomerId_1310,1
CustomerId_1311,1
CustomerId_1312,1
CustomerId_1313,1
CustomerId_1316,1
CustomerId_1317,1
CustomerId_1318,1
CustomerId_1320,1
CustomerId_1321,1
CustomerId_1322,1
CustomerId_1323,1
CustomerId_1324,1
CustomerId_1325,1
CustomerId_1326,1
CustomerId_1328,1
CustomerId_1329,1
CustomerId_1330,1
CustomerId_1331,1
CustomerId_1332,1
CustomerId_1335,1
CustomerId_1338,1
CustomerId_1339,1
CustomerId_1341,1
CustomerId_1343,1
CustomerId_1349,1
CustomerId_1351,1
CustomerId_1353,1
CustomerId_1355,1
CustomerId_1356,1
CustomerId_1357,1
CustomerId_1358,1
CustomerId_1359,1
CustomerId_1360,1
CustomerId_1361,1
CustomerId_1362,1
CustomerId_1363,1
CustomerId_1365,1
CustomerId_1366,1
CustomerId_1367,1
CustomerId_1369,1
CustomerId_1370,1
CustomerId_1372,1
CustomerId_1373,1
CustomerId_1375,1
CustomerId_1376,1
CustomerId_1377,1
CustomerId_1378,1
CustomerId_1379,1
CustomerId_1380,1
CustomerId_1381,1
CustomerId_1382,1
CustomerId_1384,1
CustomerId_1385,1
CustomerId_1386,1
CustomerId_1387,1
CustomerId_1389,1
CustomerId_1390,1
CustomerId_1392,1
CustomerId_1393,1
CustomerId_1394,1
CustomerId_1395,1
CustomerId_1396,1
CustomerId_1397,1
CustomerId_1398,1
CustomerId_14,1
CustomerId_1400,1
CustomerId_1402,1
CustomerId_1404,1
CustomerId_1406,1
CustomerId_1407,1
CustomerId_1408,1
CustomerId_1409,1
CustomerId_1410,1
CustomerId_1411,1
CustomerId_1413,1
CustomerId_1414,1
CustomerId_1415,1
CustomerId_1417,1
CustomerId_1418,1
CustomerId_1419,1
CustomerId_1420,1
CustomerId_1421,1
CustomerId_1422,1
CustomerId_1423,1
CustomerId_1424,1
CustomerId_1425,1
CustomerId_1426,1
CustomerId_1427,1
CustomerId_1429,1
CustomerId_1431,1
CustomerId_1432,1
CustomerId_1435,1
CustomerId_1436,1
CustomerId_1437,1
CustomerId_1438,1
CustomerId_1439,1
CustomerId_1440,1
CustomerId_1441,1
CustomerId_1442,1
CustomerId_1443,1
CustomerId_1444,1
CustomerId_1445,1
CustomerId_1447,1
CustomerId_1448,1
CustomerId_1449,1
CustomerId_1450,1
CustomerId_1451,1
CustomerId_1452,1
CustomerId_1453,1
CustomerId_1454,1
CustomerId_1455,1
CustomerId_1458,1
CustomerId_1459,1
CustomerId_1461,1
CustomerId_1464,1
CustomerId_1466,1
CustomerId_1467,1
CustomerId_1468,1
CustomerId_1472,1
CustomerId_1474,1
CustomerId_1475,1
CustomerId_1476,1
CustomerId_1477,1
CustomerId_1478,1
CustomerId_1479,1
CustomerId_1480,1
CustomerId_1481,1
CustomerId_1482,1
CustomerId_1483,1
CustomerId_1484,1
CustomerId_1485,1
CustomerId_1486,1
CustomerId_1487,1
CustomerId_1488,1
CustomerId_1489,1
CustomerId_1490,1
CustomerId_1492,1
CustomerId_1494,1
CustomerId_1495,1
CustomerId_1496,1
CustomerId_1498,1
CustomerId_1499,1
CustomerId_15,1
CustomerId_1501,1
CustomerId_1502,1
CustomerId_1503,1
CustomerId_1504,1
CustomerId_1505,1
CustomerId_1506,1
CustomerId_1507,1
CustomerId_1508,1
CustomerId_1509,1
CustomerId_1510,1
CustomerId_1511,1
CustomerId_1512,1
CustomerId_1513,1
CustomerId_1514,1
CustomerId_1515,1
CustomerId_1516,1
CustomerId_1517,1
CustomerId_1518,1
CustomerId_1520,1
CustomerId_1521,1
CustomerId_1523,1
CustomerId_1524,1
CustomerId_1525,1
CustomerId_1526,1
CustomerId_1528,1
CustomerId_1529,1
CustomerId_1531,1
CustomerId_1532,1
CustomerId_1533,1
CustomerId_1535,0
CustomerId_1537,1
CustomerId_1538,1
CustomerId_1540,1
CustomerId_1541,1
CustomerId_1542,1
CustomerId_1543,1
CustomerId_1545,1
CustomerId_1546,1
CustomerId_1547,1
CustomerId_1550,1
CustomerId_1554,1
CustomerId_1557,1
CustomerId_1561,1
CustomerId_1562,1
CustomerId_1564,1
CustomerId_1565,1
CustomerId_1566,1
CustomerId_1567,1
CustomerId_1568,1
CustomerId_1569,1
CustomerId_1570,1
CustomerId_1571,1
CustomerId_1572,1
CustomerId_1573,1
CustomerId_1576,1
CustomerId_1577,1
CustomerId_1578,1
CustomerId_1579,1
CustomerId_1580,1
CustomerId_1581,1
CustomerId_1583,1
CustomerId_1584,1
CustomerId_1587,1
CustomerId_1588,1
CustomerId_1591,1
CustomerId_1593,1
CustomerId_1594,1
CustomerId_1595,1
CustomerId_1597,1
CustomerId_1599,1
CustomerId_1601,1
CustomerId_1602,1
CustomerId_1604,1
CustomerId_1605,1
CustomerId_1608,1
CustomerId_1609,1
CustomerId_1610,1
CustomerId_1611,1
CustomerId_1612,1
CustomerId_1613,1
CustomerId_1614,1
CustomerId_1615,1
CustomerId_1617,1
CustomerId_1618,1
CustomerId_1619,1
CustomerId_1620,1
CustomerId_1621,1
CustomerId_1622,1
CustomerId_1623,1
CustomerId_1624,1
CustomerId_1625,1
CustomerId_1626,1
CustomerId_1627,1
CustomerId_1629,1
CustomerId_1632,1
CustomerId_1634,1
CustomerId_1635,1
CustomerId_1636,1
CustomerId_1637,1
CustomerId_1638,1
CustomerId_1639,1
CustomerId_1640,1
CustomerId_1641,1
CustomerId_1642,1
CustomerId_1643,1
CustomerId_1645,1
CustomerId_1646,1
CustomerId_1647,1
CustomerId_1649,1
CustomerId_1651,1
CustomerId_1652,1
CustomerId_1653,1
CustomerId_1655,1
CustomerId_1656,1
CustomerId_1657,1
CustomerId_1658,1
CustomerId_1659,1
CustomerId_1660,1
CustomerId_1661,1
CustomerId_1663,1
CustomerId_1664,1
CustomerId_1666,1
CustomerId_1669,1
CustomerId_1670,1
CustomerId_1671,1
CustomerId_1672,1
CustomerId_1674,1
CustomerId_1676,1
CustomerId_1679,1
CustomerId_1680,1
CustomerId_1681,1
CustomerId_1683,1
CustomerId_1684,1
CustomerId_1686,1
CustomerId_1687,1
CustomerId_1688,1
CustomerId_1690,1
CustomerId_1692,1
CustomerId_1694,1
CustomerId_1695,1
CustomerId_1696,1
CustomerId_1697,1
CustomerId_1698,1
CustomerId_1699,1
CustomerId_1701,1
CustomerId_1702,1
CustomerId_1703,1
CustomerId_1705,1
CustomerId_1707,1
CustomerId_1708,1
CustomerId_1709,1
CustomerId_1710,1
CustomerId_1712,1
CustomerId_1713,1
CustomerId_1714,1
CustomerId_1716,1
CustomerId_1717,1
CustomerId_1719,1
CustomerId_1720,1
CustomerId_1721,1
CustomerId_1722,1
CustomerId_1723,1
CustomerId_1724,1
CustomerId_1725,1
CustomerId_1726,1
CustomerId_1728,1
CustomerId_1729,1
CustomerId_1730,1
CustomerId_1731,1
CustomerId_1732,1
CustomerId_1733,1
CustomerId_1735,1
CustomerId_1736,1
CustomerId_1738,1
CustomerId_1739,1
CustomerId_1741,1
CustomerId_1742,1
CustomerId_1744,1
CustomerId_1748,1
CustomerId_1749,1
CustomerId_1750,1
CustomerId_1752,1
CustomerId_1753,1
CustomerId_1754,1
CustomerId_1755,1
CustomerId_1756,1
CustomerId_1757,1
CustomerId_1758,1
CustomerId_1759,1
CustomerId_1762,1
CustomerId_1763,1
CustomerId_1764,1
CustomerId_1767,1
CustomerId_1768,1
CustomerId_1769,1
CustomerId_1770,1
CustomerId_1773,1
CustomerId_1774,1
CustomerId_1776,1
CustomerId_1782,1
CustomerId_1784,1
CustomerId_1786,1
CustomerId_1790,1
CustomerId_1791,1
CustomerId_1792,1
CustomerId_1794,1
CustomerId_1795,1
CustomerId_1797,1
CustomerId_1798,1
CustomerId_1800,1
CustomerId_1801,1
CustomerId_1802,1
CustomerId_1805,1
CustomerId_1806,1
CustomerId_1807,1
CustomerId_1809,1
CustomerId_1810,1
CustomerId_1811,1
CustomerId_1812,1
CustomerId_1813,1
CustomerId_1815,1
CustomerId_1817,1
CustomerId_1820,1
CustomerId_1821,1
CustomerId_1825,1
CustomerId_1827,1
CustomerId_1828,1
CustomerId_1830,1
CustomerId_1831,1
CustomerId_1833,1
CustomerId_1835,1
CustomerId_1836,1
CustomerId_1838,1
CustomerId_1839,1
CustomerId_1841,1
CustomerId_1843,1
CustomerId_1844,1
CustomerId_1845,1
CustomerId_1846,1
CustomerId_1848,1
CustomerId_1849,1
CustomerId_1850,1
CustomerId_1852,1
CustomerId_1853,1
CustomerId_1855,1
CustomerId_1856,1
CustomerId_1858,1
CustomerId_1859,1
CustomerId_1860,1
CustomerId_1861,1
CustomerId_1862,1
CustomerId_1864,1
CustomerId_1867,1
CustomerId_1870,1
CustomerId_1871,1
CustomerId_1872,1
CustomerId_1873,1
CustomerId_1874,1
CustomerId_1875,1
CustomerId_1876,1
CustomerId_1877,1
CustomerId_1879,1
CustomerId_1881,1
CustomerId_1882,1
CustomerId_1884,1
CustomerId_1885,1
CustomerId_1886,1
CustomerId_1887,1
CustomerId_1888,1
CustomerId_1889,1
CustomerId_1890,1
CustomerId_1891,1
CustomerId_1892,1
CustomerId_1895,1
CustomerId_1898,1
CustomerId_1899,1
CustomerId_1900,1
CustomerId_1901,1
CustomerId_1903,1
CustomerId_1906,1
CustomerId_1907,1
CustomerId_1908,1
CustomerId_1911,1
CustomerId_1913,1
CustomerId_1914,1
CustomerId_1915,1
CustomerId_1916,1
CustomerId_1917,1
CustomerId_1918,1
CustomerId_1919,1
CustomerId_1922,1
CustomerId_1923,1
CustomerId_1925,1
CustomerId_1927,1
CustomerId_1928,1
CustomerId_1929,1
CustomerId_1930,1
CustomerId_1931,1
CustomerId_1932,1
CustomerId_1935,1
CustomerId_1937,1
CustomerId_1938,1
CustomerId_1942,1
CustomerId_1943,1
CustomerId_1944,1
CustomerId_1945,1
CustomerId_1946,1
CustomerId_1947,1
CustomerId_1950,1
CustomerId_1951,1
CustomerId_1956,1
CustomerId_1961,1
CustomerId_1963,1
CustomerId_1965,1
CustomerId_1966,1
CustomerId_1967,1
CustomerId_1968,1
CustomerId_1969,1
CustomerId_1970,1
CustomerId_1971,1
CustomerId_1972,1
CustomerId_1973,1
CustomerId_1974,1
CustomerId_1975,1
CustomerId_1976,1
CustomerId_1978,1
CustomerId_1979,1
CustomerId_1980,1
CustomerId_1981,1
CustomerId_1983,1
CustomerId_1984,1
CustomerId_1985,1
CustomerId_1986,1
CustomerId_1987,1
CustomerId_1988,1
CustomerId_1990,1
CustomerId_1991,1
CustomerId_1994,1
CustomerId_1995,1
CustomerId_1996,1
CustomerId_1997,1
CustomerId_1998,1
CustomerId_1999,1
CustomerId_2,1
CustomerId_2001,1
CustomerId_2002,1
CustomerId_2003,1
CustomerId_2004,1
CustomerId_2006,1
CustomerId_2007,1
CustomerId_2008,1
CustomerId_2009,1
CustomerId_2012,1
CustomerId_2013,1
CustomerId_2014,1
CustomerId_2015,1
CustomerId_2016,1
CustomerId_2017,1
CustomerId_2018,1
CustomerId_2019,1
CustomerId_2020,1
CustomerId_2022,1
CustomerId_2025,1
CustomerId_2029,1
CustomerId_2030,1
CustomerId_2032,1
CustomerId_2033,1
CustomerId_2034,1
CustomerId_2035,1
CustomerId_2036,1
CustomerId_2039,1
CustomerId_2040,1
CustomerId_2041,1
CustomerId_2042,1
CustomerId_2046,1
CustomerId_2048,1
CustomerId_2049,1
CustomerId_2051,1
CustomerId_2052,1
CustomerId_2053,1
CustomerId_2054,1
CustomerId_2055,1
CustomerId_2056,1
CustomerId_2057,1
CustomerId_2059,1
CustomerId_2061,1
CustomerId_2062,1
CustomerId_2063,1
CustomerId_2064,1
CustomerId_2065,1
CustomerId_2067,1
CustomerId_2068,1
CustomerId_2069,1
CustomerId_2071,1
CustomerId_2072,1
CustomerId_2073,1
CustomerId_2074,1
CustomerId_2075,1
CustomerId_2076,1
CustomerId_2078,1
CustomerId_2081,1
CustomerId_2083,1
CustomerId_2085,1
CustomerId_2086,1
CustomerId_2089,1
CustomerId_2093,1
CustomerId_2094,1
CustomerId_2095,1
CustomerId_2097,1
CustomerId_2098,1
CustomerId_2099,1
CustomerId_2101,1
CustomerId_2102,1
CustomerId_2103,1
CustomerId_2104,1
CustomerId_2105,1
CustomerId_2106,1
CustomerId_2107,1
CustomerId_2108,1
CustomerId_2109,1
CustomerId_2110,1
CustomerId_2111,1
CustomerId_2115,1
CustomerId_2116,1
CustomerId_2117,1
CustomerId_2120,1
CustomerId_2122,1
CustomerId_2123,1
CustomerId_2126,1
CustomerId_2127,1
CustomerId_2130,1
CustomerId_2133,1
CustomerId_2134,1
CustomerId_2135,1
CustomerId_2136,1
CustomerId_2137,1
CustomerId_2138,1
CustomerId_2139,1
CustomerId_2140,1
CustomerId_2141,1
CustomerId_2142,1
CustomerId_2143,1
CustomerId_2144,1
CustomerId_2145,1
CustomerId_2147,1
CustomerId_2148,1
CustomerId_2149,1
CustomerId_2150,1
CustomerId_2151,1
CustomerId_2152,1
CustomerId_2153,1
CustomerId_2154,1
CustomerId_2155,1
CustomerId_2156,1
CustomerId_2157,1
CustomerId_2158,1
CustomerId_2159,1
CustomerId_2165,1
CustomerId_2166,1
CustomerId_2167,1
CustomerId_2169,1
CustomerId_2170,1
CustomerId_2171,1
CustomerId_2172,1
CustomerId_2173,1
CustomerId_2175,1
CustomerId_2176,1
CustomerId_2178,1
CustomerId_2179,1
CustomerId_2181,1
CustomerId_2183,1
CustomerId_2184,1
CustomerId_2186,1
CustomerId_2187,1
CustomerId_2188,1
CustomerId_2190,1
CustomerId_2191,1
CustomerId_2192,1
CustomerId_2198,1
CustomerId_2204,1
CustomerId_2205,1
CustomerId_2206,1
CustomerId_2207,1
CustomerId_2211,1
CustomerId_2212,1
CustomerId_2213,1
CustomerId_2214,1
CustomerId_2215,1
CustomerId_2216,1
CustomerId_2217,1
CustomerId_2218,1
CustomerId_2219,1
CustomerId_2221,1
CustomerId_2223,1
CustomerId_2224,1
CustomerId_2226,1
CustomerId_2227,1
CustomerId_2230,1
CustomerId_2231,1
CustomerId_2232,1
CustomerId_2233,1
CustomerId_2239,1
CustomerId_2243,1
CustomerId_2244,1
CustomerId_2245,1
CustomerId_2246,1
CustomerId_2247,1
CustomerId_2250,1
CustomerId_2253,1
CustomerId_2254,1
CustomerId_2256,1
CustomerId_2258,1
CustomerId_2260,1
CustomerId_2261,1
CustomerId_2262,1
CustomerId_2263,1
CustomerId_2265,1
CustomerId_2266,0
CustomerId_2267,1
CustomerId_2268,1
CustomerId_2269,1
CustomerId_2272,1
CustomerId_2273,1
CustomerId_2275,1
CustomerId_2276,1
CustomerId_2277,1
CustomerId_2279,1
CustomerId_2280,1
CustomerId_2281,1
CustomerId_2282,1
CustomerId_2283,1
CustomerId_2284,1
CustomerId_2286,1
CustomerId_2287,1
CustomerId_2288,1
CustomerId_2289,1
CustomerId_2290,1
CustomerId_2291,1
CustomerId_2292,1
CustomerId_2294,1
CustomerId_2295,1
CustomerId_2296,1
CustomerId_2297,1
CustomerId_2298,1
CustomerId_2299,1
CustomerId_2300,1
CustomerId_2301,1
CustomerId_2302,1
CustomerId_2303,0
CustomerId_2305,1
CustomerId_2306,1
CustomerId_2307,1
CustomerId_2308,1
CustomerId_2309,1
CustomerId_2310,1
CustomerId_2311,1
CustomerId_2313,1
CustomerId_2315,1
CustomerId_2317,1
CustomerId_2321,1
CustomerId_2322,1
CustomerId_2323,1
CustomerId_2324,1
CustomerId_2325,1
CustomerId_2326,1
CustomerId_2327,1
CustomerId_2328,1
CustomerId_2329,1
CustomerId_2330,1
CustomerId_2332,1
CustomerId_2333,1
CustomerId_2334,1
CustomerId_2335,1
CustomerId_2336,1
CustomerId_2338,1
CustomerId_2340,1
CustomerId_2341,1
CustomerId_2342,1
CustomerId_2343,1
CustomerId_2344,1
CustomerId_2345,1
CustomerId_2346,1
CustomerId_2347,1
CustomerId_2348,1
CustomerId_2349,1
CustomerId_2352,1
CustomerId_2353,1
CustomerId_2356,1
CustomerId_2357,1
CustomerId_2359,1
CustomerId_2360,1
CustomerId_2361,1
CustomerId_2362,1
CustomerId_2363,1
CustomerId_2365,1
CustomerId_2366,1
CustomerId_2368,1
CustomerId_2369,1
CustomerId_2371,1
CustomerId_2372,1
CustomerId_2373,1
CustomerId_2374,1
CustomerId_2375,1
CustomerId_2376,1
CustomerId_2381,1
CustomerId_2384,1
CustomerId_2386,1
CustomerId_2388,1
CustomerId_2389,1
CustomerId_2391,1
CustomerId_2393,1
CustomerId_2396,1
CustomerId_2397,1
CustomerId_2398,1
CustomerId_2400,1
CustomerId_2401,1
CustomerId_2402,1
CustomerId_2403,1
CustomerId_2404,1
CustomerId_2405,1
CustomerId_2406,1
CustomerId_2407,1
CustomerId_2408,1
CustomerId_2409,1
CustomerId_2414,1
CustomerId_2415,1
CustomerId_2416,1
CustomerId_2417,1
CustomerId_2419,1
CustomerId_2420,1
CustomerId_2422,1
CustomerId_2423,1
CustomerId_2424,1
CustomerId_2425,1
CustomerId_2426,1
CustomerId_2427,1
CustomerId_2428,1
CustomerId_2431,1
CustomerId_2432,1
CustomerId_2433,1
CustomerId_2434,1
CustomerId_2435,1
CustomerId_2436,1
CustomerId_2437,1
CustomerId_2438,1
CustomerId_2440,1
CustomerId_2441,1
CustomerId_2443,1
CustomerId_2444,1
CustomerId_2445,0
CustomerId_2446,1
CustomerId_2447,1
CustomerId_2451,1
CustomerId_2454,1
CustomerId_2455,1
CustomerId_2456,1
CustomerId_2457,1
CustomerId_2458,1
CustomerId_2459,1
CustomerId_2461,1
CustomerId_2462,1
CustomerId_2463,1
CustomerId_2465,1
CustomerId_2468,1
CustomerId_2469,1
CustomerId_2470,1
CustomerId_2471,1
CustomerId_2474,1
CustomerId_2477,1
CustomerId_2480,1
CustomerId_2481,1
CustomerId_2482,1
CustomerId_2485,1
CustomerId_2488,1
CustomerId_2489,1
CustomerId_2490,1
CustomerId_2491,1
CustomerId_2492,1
CustomerId_2493,1
CustomerId_2494,1
CustomerId_2495,1
CustomerId_2496,1
CustomerId_2497,1
CustomerId_2498,1
CustomerId_2501,1
CustomerId_2503,1
CustomerId_2504,1
CustomerId_2505,1
CustomerId_2506,1
CustomerId_2508,1
CustomerId_2512,1
CustomerId_2513,1
CustomerId_2514,1
CustomerId_2515,1
CustomerId_2519,1
CustomerId_2520,1
CustomerId_2522,1
CustomerId_2523,1
CustomerId_2525,1
CustomerId_2526,1
CustomerId_2527,1
CustomerId_2528,1
CustomerId_2529,1
CustomerId_2530,1
CustomerId_2531,1
CustomerId_2532,1
CustomerId_2534,1
CustomerId_2535,1
CustomerId_2536,1
CustomerId_2537,1
CustomerId_2538,1
CustomerId_2539,1
CustomerId_2541,1
CustomerId_2543,1
CustomerId_2544,1
CustomerId_2545,1
CustomerId_2546,1
CustomerId_2548,1
CustomerId_2549,1
CustomerId_2550,1
CustomerId_2552,1
CustomerId_2554,1
CustomerId_2555,1
CustomerId_2556,1
CustomerId_2557,1
CustomerId_2558,1
CustomerId_2559,1
CustomerId_2560,1
CustomerId_2561,1
CustomerId_2562,1
CustomerId_2564,1
CustomerId_2565,1
CustomerId_2569,1
CustomerId_2570,1
CustomerId_2571,1
CustomerId_2572,1
CustomerId_2574,1
CustomerId_2576,1
CustomerId_2577,1
CustomerId_2579,1
CustomerId_2580,1
CustomerId_2582,1
CustomerId_2584,1
CustomerId_2587,1
CustomerId_2588,1
CustomerId_2589,1
CustomerId_2591,1
CustomerId_2592,1
CustomerId_2594,1
CustomerId_2595,1
CustomerId_2596,1
CustomerId_2597,1
CustomerId_2598,1
CustomerId_2599,1
CustomerId_2600,1
CustomerId_2601,1
CustomerId_2602,1
CustomerId_2603,1
CustomerId_2604,1
CustomerId_2605,1
CustomerId_2607,1
CustomerId_2609,1
CustomerId_2610,1
CustomerId_2612,1
CustomerId_2613,1
CustomerId_2614,1
CustomerId_2615,1
CustomerId_2616,1
CustomerId_2617,1
CustomerId_2618,1
CustomerId_2619,1
CustomerId_2621,1
CustomerId_2623,1
CustomerId_2625,1
CustomerId_2626,1
CustomerId_2627,1
CustomerId_2628,1
CustomerId_2630,1
CustomerId_2631,1
CustomerId_2632,1
CustomerId_2633,1
CustomerId_2634,1
CustomerId_2635,1
CustomerId_2636,1
CustomerId_2637,1
CustomerId_2638,1
CustomerId_2639,1
CustomerId_2641,1
CustomerId_2642,1
CustomerId_2643,1
CustomerId_2644,1
CustomerId_2645,1
CustomerId_2647,1
CustomerId_2648,1
CustomerId_2649,1
CustomerId_2651,1
CustomerId_2652,1
CustomerId_2653,1
CustomerId_2654,1
CustomerId_2655,1
CustomerId_2656,1
CustomerId_2659,1
CustomerId_2662,1
CustomerId_2663,1
CustomerId_2664,1
CustomerId_2665,1
CustomerId_2666,1
CustomerId_2667,1
CustomerId_2668,1
CustomerId_2669,1
CustomerId_2670,1
CustomerId_2671,1
CustomerId_2672,1
CustomerId_2674,1
CustomerId_2675,1
CustomerId_2676,1
CustomerId_2677,1
CustomerId_2678,1
CustomerId_2679,1
CustomerId_2681,1
CustomerId_2682,1
CustomerId_2683,1
CustomerId_2684,1
CustomerId_2685,1
CustomerId_2686,1
CustomerId_2687,1
CustomerId_2689,1
CustomerId_2690,1
CustomerId_2691,1
CustomerId_2693,1
CustomerId_2694,1
CustomerId_2696,1
CustomerId_2697,1
CustomerId_2698,1
CustomerId_2700,1
CustomerId_2701,1
CustomerId_2703,1
CustomerId_2704,1
CustomerId_2705,1
CustomerId_2706,1
CustomerId_2707,1
CustomerId_2708,1
CustomerId_2709,1
CustomerId_2710,1
CustomerId_2712,1
CustomerId_2713,1
CustomerId_2717,1
CustomerId_2719,1
CustomerId_2720,1
CustomerId_2722,1
CustomerId_2723,1
CustomerId_2724,1
CustomerId_2727,1
CustomerId_2728,1
CustomerId_2730,1
CustomerId_2731,1
CustomerId_2732,1
CustomerId_2733,1
CustomerId_2734,1
CustomerId_2735,1
CustomerId_2736,1
CustomerId_2737,1
CustomerId_2738,1
CustomerId_2739,1
CustomerId_2740,1
CustomerId_2741,1
CustomerId_2742,1
CustomerId_2743,1
CustomerId_2745,1
CustomerId_2746,1
CustomerId_2747,1
CustomerId_2749,1
CustomerId_2750,1
CustomerId_2751,1
CustomerId_2753,1
CustomerId_2754,1
CustomerId_2756,1
CustomerId_2757,1
CustomerId_2758,1
CustomerId_2759,1
CustomerId_2760,1
CustomerId_2761,1
CustomerId_2762,1
CustomerId_2764,1
CustomerId_2767,1
CustomerId_2769,1
CustomerId_2771,1
CustomerId_2772,1
CustomerId_2773,1
CustomerId_2774,1
CustomerId_2775,1
CustomerId_2776,1
CustomerId_2777,1
CustomerId_2778,1
CustomerId_2782,1
CustomerId_2783,1
CustomerId_2785,1
CustomerId_2786,1
CustomerId_2787,1
CustomerId_2788,1
CustomerId_2790,1
CustomerId_2791,1
CustomerId_2793,1
CustomerId_2794,1
CustomerId_2796,1
CustomerId_2797,1
CustomerId_2798,1
CustomerId_2799,1
CustomerId_2800,1
CustomerId_2801,1
CustomerId_2802,1
CustomerId_2803,1
CustomerId_2804,1
CustomerId_2806,1
CustomerId_2807,1
CustomerId_2808,1
CustomerId_2809,1
CustomerId_2810,1
CustomerId_2811,1
CustomerId_2812,1
CustomerId_2815,1
CustomerId_2816,1
CustomerId_2817,1
CustomerId_2818,1
CustomerId_2820,1
CustomerId_2822,1
CustomerId_2824,1
CustomerId_2825,1
CustomerId_2826,1
CustomerId_2827,1
CustomerId_2828,1
CustomerId_2829,1
CustomerId_2831,1
CustomerId_2832,1
CustomerId_2833,1
CustomerId_2834,1
CustomerId_2835,1
CustomerId_2836,1
CustomerId_2838,1
CustomerId_2839,1
CustomerId_2840,1
CustomerId_2841,1
CustomerId_2843,1
CustomerId_2844,1
CustomerId_2845,1
CustomerId_2846,1
CustomerId_2847,1
CustomerId_2849,1
CustomerId_2850,1
CustomerId_2851,1
CustomerId_2852,1
CustomerId_2853,1
CustomerId_2854,1
CustomerId_2855,1
CustomerId_2857,1
CustomerId_2858,1
CustomerId_2859,1
CustomerId_2860,1
CustomerId_2862,1
CustomerId_2864,1
CustomerId_2865,1
CustomerId_2866,1
CustomerId_2868,1
CustomerId_2869,1
CustomerId_2870,1
CustomerId_2871,1
CustomerId_2872,1
CustomerId_2874,1
CustomerId_2875,1
CustomerId_2876,1
CustomerId_2877,1
CustomerId_2878,1
CustomerId_2879,1
CustomerId_2880,1
CustomerId_2881,1
CustomerId_2883,1
CustomerId_2884,1
CustomerId_2885,1
CustomerId_2886,1
CustomerId_2887,1
CustomerId_2888,1
CustomerId_2889,1
CustomerId_2890,1
CustomerId_2892,1
CustomerId_2893,1
CustomerId_2894,1
CustomerId_2895,1
CustomerId_2896,1
CustomerId_2898,1
CustomerId_2900,1
CustomerId_2901,1
CustomerId_2902,1
CustomerId_2904,1
CustomerId_2906,1
CustomerId_2907,1
CustomerId_2908,1
CustomerId_2909,1
CustomerId_2910,1
CustomerId_2911,1
CustomerId_2912,1
CustomerId_2913,1
CustomerId_2914,1
CustomerId_2915,1
CustomerId_2917,1
CustomerId_2918,1
CustomerId_2919,1
CustomerId_2920,1
CustomerId_2921,1
CustomerId_2922,1
CustomerId_2923,1
CustomerId_2924,1
CustomerId_2925,1
CustomerId_2926,1
CustomerId_2927,1
CustomerId_2928,1
CustomerId_2930,1
CustomerId_2931,1
CustomerId_2932,1
CustomerId_2933,1
CustomerId_2934,1
CustomerId_2935,1
CustomerId_2936,1
CustomerId_2937,1
CustomerId_2938,1
CustomerId_2939,1
CustomerId_2940,1
CustomerId_2941,1
CustomerId_2943,1
CustomerId_2944,1
CustomerId_2945,1
CustomerId_2946,1
CustomerId_2947,1
CustomerId_2948,1
CustomerId_2949,1
CustomerId_2950,1
CustomerId_2953,1
CustomerId_2954,1
CustomerId_2955,1
CustomerId_2956,1
CustomerId_2957,1
CustomerId_2959,1
CustomerId_2961,1
CustomerId_2962,1
CustomerId_2963,1
CustomerId_2965,1
CustomerId_2966,1
CustomerId_2968,1
CustomerId_2969,1
CustomerId_2970,1
CustomerId_2971,1
CustomerId_2972,1
CustomerId_2973,1
CustomerId_2974,1
CustomerId_2975,1
CustomerId_2977,1
CustomerId_2979,1
CustomerId_2980,1
CustomerId_2981,1
CustomerId_2982,1
CustomerId_2983,1
CustomerId_2984,1
CustomerId_2985,1
CustomerId_2986,1
CustomerId_2987,1
CustomerId_2988,1
CustomerId_2989,1
CustomerId_2991,1
CustomerId_2992,1
CustomerId_2993,1
CustomerId_2994,1
CustomerId_2995,1
CustomerId_2996,1
CustomerId_2997,1
CustomerId_3,1
CustomerId_3000,1
CustomerId_3001,1
CustomerId_3002,1
CustomerId_3003,1
CustomerId_3004,1
CustomerId_3005,1
CustomerId_3007,1
CustomerId_3008,1
CustomerId_3009,1
CustomerId_3011,1
CustomerId_3012,1
CustomerId_3013,1
CustomerId_3014,1
CustomerId_3015,1
CustomerId_3016,1
CustomerId_3020,1
CustomerId_3022,1
CustomerId_3026,1
CustomerId_3027,1
CustomerId_3030,1
CustomerId_3031,1
CustomerId_3032,1
CustomerId_3033,1
CustomerId_3034,1
CustomerId_3035,1
CustomerId_3036,1
CustomerId_3037,1
CustomerId_3038,1
CustomerId_3040,1
CustomerId_3041,1
CustomerId_3042,1
CustomerId_3043,1
CustomerId_3044,1
CustomerId_3045,1
CustomerId_3046,1
CustomerId_3047,1
CustomerId_3048,1
CustomerId_3049,1
CustomerId_3050,1
CustomerId_3051,1
CustomerId_3052,1
CustomerId_3053,1
CustomerId_3054,1
CustomerId_3057,1
CustomerId_3058,1
CustomerId_3061,1
CustomerId_3062,1
CustomerId_3063,1
CustomerId_3064,1
CustomerId_3066,1
CustomerId_3067,1
CustomerId_3068,1
CustomerId_3069,1
CustomerId_3072,1
CustomerId_3073,1
CustomerId_3074,1
CustomerId_3075,1
CustomerId_3076,1
CustomerId_3077,1
CustomerId_3078,1
CustomerId_3079,1
CustomerId_3081,1
CustomerId_3083,1
CustomerId_3084,1
CustomerId_3085,1
CustomerId_3087,1
CustomerId_3088,1
CustomerId_3089,1
CustomerId_3090,1
CustomerId_3091,1
CustomerId_3092,1
CustomerId_3093,1
CustomerId_3096,1
CustomerId_3097,1
CustomerId_3098,1
CustomerId_3102,1
CustomerId_3103,1
CustomerId_3104,1
CustomerId_3105,1
CustomerId_3107,1
CustomerId_3109,1
CustomerId_3110,1
CustomerId_3111,1
CustomerId_3112,1
CustomerId_3113,1
CustomerId_3115,1
CustomerId_3116,1
CustomerId_3117,1
CustomerId_3118,1
CustomerId_3120,1
CustomerId_3121,1
CustomerId_3123,1
CustomerId_3124,1
CustomerId_3125,1
CustomerId_3126,1
CustomerId_3127,1
CustomerId_3128,1
CustomerId_3130,1
CustomerId_3133,1
CustomerId_3135,1
CustomerId_3137,1
CustomerId_3138,1
CustomerId_3140,1
CustomerId_3141,1
CustomerId_3143,1
CustomerId_3145,1
CustomerId_3147,1
CustomerId_3148,1
CustomerId_3149,1
CustomerId_3150,1
CustomerId_3151,1
CustomerId_3152,1
CustomerId_3153,1
CustomerId_3156,1
CustomerId_3158,1
CustomerId_3159,1
CustomerId_3160,1
CustomerId_3162,1
CustomerId_3163,1
CustomerId_3164,1
CustomerId_3165,1
CustomerId_3166,1
CustomerId_3167,1
CustomerId_3168,1
CustomerId_3169,1
CustomerId_3170,1
CustomerId_3171,1
CustomerId_3172,1
CustomerId_3174,1
CustomerId_3175,1
CustomerId_3177,1
CustomerId_3178,1
CustomerId_3179,1
CustomerId_3180,1
CustomerId_3181,1
CustomerId_3183,1
CustomerId_3184,1
CustomerId_3187,1
CustomerId_3188,1
CustomerId_3189,1
CustomerId_319,1
CustomerId_3190,1
CustomerId_3191,1
CustomerId_3192,1
CustomerId_3193,1
CustomerId_3194,1
CustomerId_3196,1
CustomerId_3197,1
CustomerId_3198,1
CustomerId_320,1
CustomerId_3200,1
CustomerId_3201,1
CustomerId_3202,1
CustomerId_3203,1
CustomerId_3204,1
CustomerId_3205,1
CustomerId_3206,1
CustomerId_3208,1
CustomerId_3209,1
CustomerId_321,1
CustomerId_3210,1
CustomerId_3211,1
CustomerId_3212,1
CustomerId_3213,1
CustomerId_3214,1
CustomerId_3215,1
CustomerId_3217,1
CustomerId_3218,1
CustomerId_3219,1
CustomerId_322,1
CustomerId_3220,1
CustomerId_3221,1
CustomerId_3222,1
CustomerId_3223,1
CustomerId_3224,1
CustomerId_3225,1
CustomerId_3226,1
CustomerId_3229,1
CustomerId_323,1
CustomerId_3230,1
CustomerId_3231,1
CustomerId_3232,1
CustomerId_3233,1
CustomerId_3234,1
CustomerId_3235,1
CustomerId_3236,1
CustomerId_3237,1
CustomerId_3238,1
CustomerId_324,1
CustomerId_3240,1
CustomerId_3241,1
CustomerId_3242,1
CustomerId_3243,1
CustomerId_3245,1
CustomerId_3246,1
CustomerId_3247,1
CustomerId_3248,1
CustomerId_3249,1
CustomerId_3250,1
CustomerId_3251,1
CustomerId_3252,1
CustomerId_3253,1
CustomerId_3254,1
CustomerId_3255,1
CustomerId_3256,1
CustomerId_3257,1
CustomerId_3258,1
CustomerId_3259,1
CustomerId_3260,1
CustomerId_3261,1
CustomerId_3262,1
CustomerId_3263,1
CustomerId_3265,1
CustomerId_3266,1
CustomerId_3267,1
CustomerId_3268,1
CustomerId_3269,1
CustomerId_327,1
CustomerId_3270,1
CustomerId_3271,1
CustomerId_3272,1
CustomerId_3273,1
CustomerId_3274,1
CustomerId_3275,1
CustomerId_3276,1
CustomerId_3278,1
CustomerId_3279,1
CustomerId_328,1
CustomerId_3280,1
CustomerId_3282,1
CustomerId_3285,1
CustomerId_3287,1
CustomerId_3288,1
CustomerId_3289,1
CustomerId_329,1
CustomerId_3290,1
CustomerId_3291,1
CustomerId_3292,1
CustomerId_3293,1
CustomerId_3294,1
CustomerId_3295,1
CustomerId_3296,1
CustomerId_3297,1
CustomerId_3298,1
CustomerId_3299,1
CustomerId_330,1
CustomerId_3301,1
CustomerId_3302,1
CustomerId_3303,1
CustomerId_3306,1
CustomerId_3307,1
CustomerId_3308,1
CustomerId_3309,1
CustomerId_331,1
CustomerId_3310,1
CustomerId_3311,1
CustomerId_3313,1
CustomerId_3314,1
CustomerId_3315,1
CustomerId_3317,1
CustomerId_3318,1
CustomerId_332,1
CustomerId_3320,1
CustomerId_3321,1
CustomerId_3322,1
CustomerId_3323,1
CustomerId_3326,1
CustomerId_3327,1
CustomerId_3328,1
CustomerId_3329,1
CustomerId_3330,1
CustomerId_3331,1
CustomerId_3332,1
CustomerId_3333,1
CustomerId_3334,1
CustomerId_3336,1
CustomerId_3339,1
CustomerId_334,1
CustomerId_3340,1
CustomerId_3341,1
CustomerId_3343,1
CustomerId_3344,1
CustomerId_3345,1
CustomerId_3346,1
CustomerId_3347,1
CustomerId_3349,1
CustomerId_335,1
CustomerId_3352,1
CustomerId_3353,1
CustomerId_3354,1
CustomerId_3355,1
CustomerId_3356,1
CustomerId_3357,1
CustomerId_3359,1
CustomerId_336,1
CustomerId_3360,1
CustomerId_3361,1
CustomerId_3363,1
CustomerId_3364,1
CustomerId_3365,1
CustomerId_3366,1
CustomerId_337,1
CustomerId_3371,1
CustomerId_3373,1
CustomerId_3374,1
CustomerId_3375,1
CustomerId_3376,1
CustomerId_3377,1
CustomerId_3378,1
CustomerId_3379,1
CustomerId_338,1
CustomerId_3380,1
CustomerId_3381,1
CustomerId_3385,1
CustomerId_3386,1
CustomerId_3387,1
CustomerId_3388,1
CustomerId_3389,1
CustomerId_3390,1
CustomerId_3391,1
CustomerId_3392,1
CustomerId_3397,1
CustomerId_3398,1
CustomerId_3399,1
CustomerId_340,1
CustomerId_3400,1
CustomerId_3401,1
CustomerId_3402,1
CustomerId_3403,1
CustomerId_3404,1
CustomerId_3405,1
CustomerId_3407,1
CustomerId_3408,1
CustomerId_341,1
CustomerId_3410,1
CustomerId_3412,1
CustomerId_3413,1
CustomerId_3414,1
CustomerId_3415,1
CustomerId_3416,1
CustomerId_3417,1
CustomerId_3418,1
CustomerId_3419,1
CustomerId_3420,1
CustomerId_3421,1
CustomerId_3422,1
CustomerId_3424,1
CustomerId_3425,1
CustomerId_3426,1
CustomerId_3427,1
CustomerId_3428,1
CustomerId_343,1
CustomerId_3430,1
CustomerId_3431,1
CustomerId_3432,1
CustomerId_3433,1
CustomerId_3434,1
CustomerId_3435,1
CustomerId_3436,1
CustomerId_3437,1
CustomerId_3438,1
CustomerId_3439,1
CustomerId_3440,1
CustomerId_3441,1
CustomerId_3442,1
CustomerId_3443,1
CustomerId_3444,1
CustomerId_3445,1
CustomerId_3447,1
CustomerId_3448,1
CustomerId_3449,1
CustomerId_345,1
CustomerId_3451,1
CustomerId_3452,1
CustomerId_3453,1
CustomerId_3454,1
CustomerId_3456,1
CustomerId_3457,1
CustomerId_3458,1
CustomerId_3459,1
CustomerId_3461,1
CustomerId_3462,1
CustomerId_3463,1
CustomerId_3464,1
CustomerId_3465,1
CustomerId_3466,1
CustomerId_3467,1
CustomerId_3468,1
CustomerId_347,1
CustomerId_3470,1
CustomerId_3471,1
CustomerId_3473,1
CustomerId_3474,1
CustomerId_3475,1
CustomerId_3476,1
CustomerId_3477,1
CustomerId_3478,1
CustomerId_3479,1
CustomerId_348,1
CustomerId_3482,1
CustomerId_3483,1
CustomerId_3485,1
CustomerId_3486,1
CustomerId_3487,1
CustomerId_3488,1
CustomerId_3489,1
CustomerId_349,1
CustomerId_3490,1
CustomerId_3491,1
CustomerId_3492,1
CustomerId_3493,1
CustomerId_3494,1
CustomerId_3495,1
CustomerId_3496,1
CustomerId_3497,1
CustomerId_3498,1
CustomerId_350,1
CustomerId_3500,1
CustomerId_3501,1
CustomerId_3503,1
CustomerId_3504,1
CustomerId_3505,1
CustomerId_3506,1
CustomerId_3507,1
CustomerId_3508,1
CustomerId_3509,1
CustomerId_351,1
CustomerId_3510,1
CustomerId_3511,1
CustomerId_3512,1
CustomerId_3513,1
CustomerId_3515,1
CustomerId_3516,1
CustomerId_3517,1
CustomerId_3519,1
CustomerId_352,1
CustomerId_3520,1
CustomerId_3521,1
CustomerId_3522,1
CustomerId_3523,1
CustomerId_3524,1
CustomerId_3525,1
CustomerId_3526,1
CustomerId_3527,1
CustomerId_3528,1
CustomerId_3530,1
CustomerId_3533,1
CustomerId_3534,1
CustomerId_3535,1
CustomerId_3536,1
CustomerId_3537,1
CustomerId_3540,1
CustomerId_3541,1
CustomerId_3542,1
CustomerId_3543,1
CustomerId_3545,1
CustomerId_3547,1
CustomerId_3548,1
CustomerId_3549,1
CustomerId_355,1
CustomerId_3550,1
CustomerId_3551,1
CustomerId_3554,1
CustomerId_3555,1
CustomerId_3556,1
CustomerId_3557,1
CustomerId_3558,1
CustomerId_3559,1
CustomerId_356,1
CustomerId_3561,1
CustomerId_3562,1
CustomerId_3564,1
CustomerId_3566,1
CustomerId_3567,1
CustomerId_3569,1
CustomerId_357,1
CustomerId_3570,1
CustomerId_3571,1
CustomerId_3572,1
CustomerId_3573,1
CustomerId_3574,1
CustomerId_3575,1
CustomerId_3577,1
CustomerId_3578,1
CustomerId_3579,1
CustomerId_3581,1
CustomerId_3582,1
CustomerId_3583,1
CustomerId_3589,1
CustomerId_359,1
CustomerId_3590,1
CustomerId_3592,1
CustomerId_3593,1
CustomerId_3595,1
CustomerId_3597,1
CustomerId_3599,1
CustomerId_3600,1
CustomerId_3601,1
CustomerId_3602,1
CustomerId_3605,1
CustomerId_3608,1
CustomerId_3609,1
CustomerId_361,1
CustomerId_3610,1
CustomerId_3611,1
CustomerId_3613,1
CustomerId_3614,1
CustomerId_3615,1
CustomerId_3616,1
CustomerId_3617,1
CustomerId_362,1
CustomerId_3621,1
CustomerId_3622,1
CustomerId_3623,1
CustomerId_3624,1
CustomerId_3625,1
CustomerId_3626,1
CustomerId_3627,1
CustomerId_3628,1
CustomerId_3629,1
CustomerId_3630,1
CustomerId_3631,1
CustomerId_3632,1
CustomerId_3633,1
CustomerId_3634,1
CustomerId_3635,1
CustomerId_3636,1
CustomerId_3637,1
CustomerId_3638,1
CustomerId_3639,1
CustomerId_3641,1
CustomerId_3642,1
CustomerId_3643,1
CustomerId_3645,1
CustomerId_3646,1
CustomerId_3647,1
CustomerId_3648,1
CustomerId_3649,1
CustomerId_3650,1
CustomerId_3651,1
CustomerId_3653,1
CustomerId_3654,1
CustomerId_3655,1
CustomerId_3656,1
CustomerId_3658,1
CustomerId_3659,1
CustomerId_366,1
CustomerId_3660,1
CustomerId_3663,1
CustomerId_3664,1
CustomerId_3665,1
CustomerId_3666,1
CustomerId_3667,1
CustomerId_3668,1
CustomerId_3670,1
CustomerId_3671,1
CustomerId_3672,1
CustomerId_3673,1
CustomerId_3678,1
CustomerId_368,1
CustomerId_3680,1
CustomerId_3681,1
CustomerId_3682,1
CustomerId_3683,1
CustomerId_3684,1
CustomerId_3685,1
CustomerId_3686,1
CustomerId_3687,1
CustomerId_3688,1
CustomerId_3689,1
CustomerId_369,1
CustomerId_3690,1
CustomerId_3691,1
CustomerId_3693,1
CustomerId_3694,1
CustomerId_3696,1
CustomerId_3697,1
CustomerId_3698,1
CustomerId_3700,1
CustomerId_3701,1
CustomerId_3703,1
CustomerId_3706,1
CustomerId_3707,1
CustomerId_3708,1
CustomerId_3711,1
CustomerId_3712,1
CustomerId_3714,1
CustomerId_3715,1
CustomerId_3716,1
CustomerId_3717,1
CustomerId_3719,1
CustomerId_3720,1
CustomerId_3721,1
CustomerId_3722,1
CustomerId_3723,1
CustomerId_3724,1
CustomerId_3725,1
CustomerId_3727,1
CustomerId_3729,1
CustomerId_373,1
CustomerId_3730,1
CustomerId_3732,1
CustomerId_3733,1
CustomerId_3734,1
CustomerId_3735,1
CustomerId_3736,1
CustomerId_3737,1
CustomerId_3738,1
CustomerId_3739,1
CustomerId_374,1
CustomerId_3741,1
CustomerId_3742,1
CustomerId_3743,1
CustomerId_3745,1
CustomerId_3746,1
CustomerId_3749,1
CustomerId_3752,1
CustomerId_3756,1
CustomerId_3758,1
CustomerId_3759,1
CustomerId_3760,1
CustomerId_3762,1
CustomerId_3763,1
CustomerId_3764,1
CustomerId_3765,1
CustomerId_3766,1
CustomerId_3767,1
CustomerId_3768,1
CustomerId_3771,1
CustomerId_3774,1
CustomerId_3777,1
CustomerId_3778,1
CustomerId_3779,1
CustomerId_378,1
CustomerId_3780,1
CustomerId_3781,1
CustomerId_3782,1
CustomerId_3785,1
CustomerId_3786,1
CustomerId_3787,1
CustomerId_3788,1
CustomerId_379,1
CustomerId_3790,1
CustomerId_3793,1
CustomerId_3794,1
CustomerId_3795,1
CustomerId_3796,1
CustomerId_3797,1
CustomerId_3799,1
CustomerId_3802,1
CustomerId_3803,1
CustomerId_3805,1
CustomerId_3806,1
CustomerId_3807,1
CustomerId_3808,1
CustomerId_3809,1
CustomerId_381,1
CustomerId_3810,1
CustomerId_3811,1
CustomerId_3812,1
CustomerId_3814,1
CustomerId_3815,1
CustomerId_3816,1
CustomerId_3817,1
CustomerId_3818,1
CustomerId_3819,1
CustomerId_382,1
CustomerId_3820,1
CustomerId_3824,1
CustomerId_3825,1
CustomerId_3826,1
CustomerId_3827,1
CustomerId_3828,1
CustomerId_3829,1
CustomerId_383,1
CustomerId_3830,1
CustomerId_3831,1
CustomerId_3834,1
CustomerId_3835,1
CustomerId_3836,1
CustomerId_3838,1
CustomerId_3839,1
CustomerId_384,1
CustomerId_3840,1
CustomerId_3841,1
CustomerId_3842,1
CustomerId_3843,1
CustomerId_3844,1
CustomerId_3845,1
CustomerId_3846,1
CustomerId_3847,1
CustomerId_3848,1
CustomerId_3850,1
CustomerId_3855,1
CustomerId_3856,1
CustomerId_3858,1
CustomerId_3859,1
CustomerId_3860,1
CustomerId_3862,1
CustomerId_3863,1
CustomerId_3864,1
CustomerId_3866,1
CustomerId_3867,1
CustomerId_3868,1
CustomerId_3869,1
CustomerId_3870,1
CustomerId_3871,1
CustomerId_3872,1
CustomerId_3873,1
CustomerId_3874,1
CustomerId_3875,1
CustomerId_3876,1
CustomerId_3877,1
CustomerId_3878,1
CustomerId_3879,1
CustomerId_388,1
CustomerId_3880,1
CustomerId_3882,1
CustomerId_3883,1
CustomerId_3885,1
CustomerId_3888,1
CustomerId_389,1
CustomerId_3890,1
CustomerId_3891,1
CustomerId_3892,1
CustomerId_3893,1
CustomerId_3894,1
CustomerId_3897,1
CustomerId_3898,1
CustomerId_390,1
CustomerId_3900,1
CustomerId_3904,1
CustomerId_3905,1
CustomerId_3906,1
CustomerId_3907,1
CustomerId_3909,1
CustomerId_391,1
CustomerId_3910,1
CustomerId_3911,1
CustomerId_3912,1
CustomerId_3913,1
CustomerId_3914,1
CustomerId_3916,1
CustomerId_3917,1
CustomerId_3919,1
CustomerId_392,1
CustomerId_3923,1
CustomerId_3925,1
CustomerId_3930,1
CustomerId_3931,1
CustomerId_3933,1
CustomerId_3934,1
CustomerId_3935,1
CustomerId_3940,1
CustomerId_3941,1
CustomerId_3942,1
CustomerId_3943,1
CustomerId_3944,1
CustomerId_3946,1
CustomerId_3947,1
CustomerId_3948,1
CustomerId_3949,1
CustomerId_395,1
CustomerId_3951,1
CustomerId_3952,1
CustomerId_3953,1
CustomerId_3954,1
CustomerId_3955,1
CustomerId_3956,1
CustomerId_3957,1
CustomerId_396,1
CustomerId_3960,1
CustomerId_3961,1
CustomerId_3964,1
CustomerId_3967,1
CustomerId_3968,1
CustomerId_3969,1
CustomerId_397,1
CustomerId_3970,1
CustomerId_3971,1
CustomerId_3973,1
CustomerId_3975,1
CustomerId_3977,1
CustomerId_3982,1
CustomerId_3984,1
CustomerId_3985,1
CustomerId_3987,1
CustomerId_3988,1
CustomerId_3989,1
CustomerId_399,1
CustomerId_3990,1
CustomerId_3993,1
CustomerId_3994,1
CustomerId_3995,1
CustomerId_3998,1
CustomerId_4,1
CustomerId_400,1
CustomerId_4000,1
CustomerId_4001,1
CustomerId_4002,1
CustomerId_4003,1
CustomerId_4005,1
CustomerId_4006,1
CustomerId_4007,1
CustomerId_4008,1
CustomerId_4009,1
CustomerId_401,1
CustomerId_4011,1
CustomerId_4012,1
CustomerId_4013,1
CustomerId_4014,1
CustomerId_4015,1
CustomerId_4016,1
CustomerId_4017,1
CustomerId_4019,1
CustomerId_402,1
CustomerId_4020,1
CustomerId_4022,1
CustomerId_4023,1
CustomerId_4025,1
CustomerId_4026,1
CustomerId_4027,1
CustomerId_4029,1
CustomerId_403,1
CustomerId_4030,1
CustomerId_4031,1
CustomerId_4033,1
CustomerId_4034,1
CustomerId_4035,1
CustomerId_4036,1
CustomerId_4038,1
CustomerId_4039,1
CustomerId_404,1
CustomerId_4040,1
CustomerId_4041,1
CustomerId_4042,1
CustomerId_4043,1
CustomerId_4044,1
CustomerId_4045,1
CustomerId_4046,1
CustomerId_4048,1
CustomerId_4049,1
CustomerId_405,1
CustomerId_4050,1
CustomerId_4051,1
CustomerId_4053,1
CustomerId_4055,1
CustomerId_4056,1
CustomerId_4058,1
CustomerId_4059,1
CustomerId_4061,1
CustomerId_4064,1
CustomerId_4065,1
CustomerId_4066,1
CustomerId_4067,1
CustomerId_4068,1
CustomerId_4069,1
CustomerId_407,1
CustomerId_4070,1
CustomerId_4071,1
CustomerId_4072,1
CustomerId_4073,1
CustomerId_4074,1
CustomerId_4075,1
CustomerId_4077,1
CustomerId_4079,1
CustomerId_408,1
CustomerId_4085,1
CustomerId_4086,1
CustomerId_4087,1
CustomerId_4089,1
CustomerId_4090,1
CustomerId_4092,1
CustomerId_4095,1
CustomerId_4097,1
CustomerId_4098,1
CustomerId_4101,1
CustomerId_4102,1
CustomerId_4103,1
CustomerId_4104,1
CustomerId_4106,1
CustomerId_4107,1
CustomerId_4108,1
CustomerId_4109,1
CustomerId_411,1
CustomerId_4112,1
CustomerId_4113,1
CustomerId_4115,1
CustomerId_4117,1
CustomerId_4118,1
CustomerId_4119,1
CustomerId_412,1
CustomerId_4120,1
CustomerId_4123,1
CustomerId_4124,1
CustomerId_4125,1
CustomerId_4127,1
CustomerId_4128,1
CustomerId_4130,1
CustomerId_4131,1
CustomerId_4132,1
CustomerId_4133,1
CustomerId_4134,1
CustomerId_4135,1
CustomerId_4136,1
CustomerId_4137,1
CustomerId_4138,1
CustomerId_4139,1
CustomerId_414,1
CustomerId_4141,1
CustomerId_4142,1
CustomerId_4143,1
CustomerId_4144,1
CustomerId_4145,1
CustomerId_4146,1
CustomerId_4148,1
CustomerId_4149,1
CustomerId_415,1
CustomerId_4150,1
CustomerId_4151,1
CustomerId_4152,1
CustomerId_4153,1
CustomerId_4154,1
CustomerId_4155,1
CustomerId_4156,1
CustomerId_4157,1
CustomerId_4158,1
CustomerId_4159,1
CustomerId_416,1
CustomerId_4160,1
CustomerId_4161,1
CustomerId_4163,1
CustomerId_4164,1
CustomerId_4165,1
CustomerId_4167,1
CustomerId_4168,1
CustomerId_4169,1
CustomerId_4170,1
CustomerId_4171,1
CustomerId_4173,1
CustomerId_4174,1
CustomerId_4175,1
CustomerId_4176,1
CustomerId_4177,1
CustomerId_4179,1
CustomerId_4180,1
CustomerId_4181,1
CustomerId_4182,1
CustomerId_4183,1
CustomerId_4184,1
CustomerId_4185,1
CustomerId_4186,1
CustomerId_4187,1
CustomerId_4188,1
CustomerId_4189,1
CustomerId_4190,1
CustomerId_4191,1
CustomerId_4192,1
CustomerId_4193,1
CustomerId_4194,1
CustomerId_4196,1
CustomerId_4197,1
CustomerId_4198,1
CustomerId_4199,1
CustomerId_420,1
CustomerId_4200,1
CustomerId_4201,1
CustomerId_4202,1
CustomerId_4203,1
CustomerId_4204,1
CustomerId_4205,1
CustomerId_4206,1
CustomerId_4207,1
CustomerId_4209,1
CustomerId_4211,1
CustomerId_4212,1
CustomerId_4213,1
CustomerId_4214,1
CustomerId_4215,1
CustomerId_4216,1
CustomerId_4218,1
CustomerId_4219,1
CustomerId_422,1
CustomerId_4220,1
CustomerId_4221,1
CustomerId_4224,1
CustomerId_4225,1
CustomerId_4226,1
CustomerId_4227,1
CustomerId_4228,1
CustomerId_4229,1
CustomerId_423,1
CustomerId_4230,1
CustomerId_4233,1
CustomerId_4234,1
CustomerId_4235,1
CustomerId_4237,1
CustomerId_4238,1
CustomerId_4239,1
CustomerId_424,1
CustomerId_4240,1
CustomerId_4241,1
CustomerId_4242,1
CustomerId_4243,1
CustomerId_4244,1
CustomerId_4245,1
CustomerId_4246,1
CustomerId_4247,1
CustomerId_4250,1
CustomerId_4252,1
CustomerId_4253,1
CustomerId_4254,1
CustomerId_4255,1
CustomerId_4256,1
CustomerId_4257,1
CustomerId_4258,1
CustomerId_4260,1
CustomerId_4261,1
CustomerId_4262,1
CustomerId_4265,1
CustomerId_4266,1
CustomerId_4267,1
CustomerId_427,1
CustomerId_4270,1
CustomerId_4272,1
CustomerId_4273,1
CustomerId_4274,1
CustomerId_4275,1
CustomerId_4276,1
CustomerId_4277,1
CustomerId_4279,1
CustomerId_428,1
CustomerId_4280,1
CustomerId_4281,1
CustomerId_4282,1
CustomerId_4283,1
CustomerId_4287,1
CustomerId_4288,1
CustomerId_4289,1
CustomerId_429,1
CustomerId_4290,1
CustomerId_4291,1
CustomerId_4294,1
CustomerId_4297,1
CustomerId_4298,1
CustomerId_4299,1
CustomerId_4300,1
CustomerId_4301,1
CustomerId_4302,1
CustomerId_4304,1
CustomerId_4305,1
CustomerId_4308,1
CustomerId_4309,1
CustomerId_431,1
CustomerId_4310,1
CustomerId_4311,1
CustomerId_4312,1
CustomerId_4313,1
CustomerId_4314,1
CustomerId_4315,1
CustomerId_4317,1
CustomerId_4318,1
CustomerId_4319,1
CustomerId_432,1
CustomerId_4321,1
CustomerId_4322,1
CustomerId_4323,1
CustomerId_4324,1
CustomerId_4325,1
CustomerId_4326,1
CustomerId_4327,1
CustomerId_4328,1
CustomerId_4329,1
CustomerId_433,1
CustomerId_4330,1
CustomerId_4332,1
CustomerId_4333,1
CustomerId_4334,1
CustomerId_4335,1
CustomerId_4336,1
CustomerId_4337,1
CustomerId_4338,1
CustomerId_4340,1
CustomerId_4341,1
CustomerId_4342,1
CustomerId_4343,1
CustomerId_4344,1
CustomerId_4346,1
CustomerId_4347,1
CustomerId_4348,1
CustomerId_4349,1
CustomerId_435,1
CustomerId_4351,1
CustomerId_4353,1
CustomerId_4355,1
CustomerId_4356,1
CustomerId_4357,1
CustomerId_4358,1
CustomerId_436,1
CustomerId_4360,1
CustomerId_4361,1
CustomerId_4362,1
CustomerId_4363,1
CustomerId_4364,1
CustomerId_4365,1
CustomerId_4367,1
CustomerId_4368,1
CustomerId_4369,1
CustomerId_437,1
CustomerId_4370,1
CustomerId_4371,1
CustomerId_4373,1
CustomerId_4374,1
CustomerId_4376,1
CustomerId_4377,1
CustomerId_4378,1
CustomerId_4379,1
CustomerId_4380,1
CustomerId_4381,1
CustomerId_4382,1
CustomerId_4383,1
CustomerId_4384,1
CustomerId_4386,1
CustomerId_4387,1
CustomerId_4388,1
CustomerId_4389,1
CustomerId_4390,1
CustomerId_4391,1
CustomerId_4392,1
CustomerId_4393,1
CustomerId_4394,1
CustomerId_4395,1
CustomerId_4396,1
CustomerId_4398,1
CustomerId_4399,1
CustomerId_440,1
CustomerId_4401,1
CustomerId_4402,1
CustomerId_4403,1
CustomerId_4406,1
CustomerId_4408,1
CustomerId_4409,1
CustomerId_4412,1
CustomerId_4413,1
CustomerId_4414,1
CustomerId_4415,1
CustomerId_4416,1
CustomerId_4417,1
CustomerId_4418,1
CustomerId_442,1
CustomerId_4420,1
CustomerId_4421,1
CustomerId_4422,1
CustomerId_4423,1
CustomerId_4424,1
CustomerId_4425,1
CustomerId_4426,1
CustomerId_4427,1
CustomerId_4428,1
CustomerId_4429,1
CustomerId_443,1
CustomerId_4430,1
CustomerId_4431,1
CustomerId_4433,1
CustomerId_4434,1
CustomerId_4435,1
CustomerId_4436,1
CustomerId_4437,1
CustomerId_4438,1
CustomerId_444,1
CustomerId_4440,1
CustomerId_4442,1
CustomerId_4443,1
CustomerId_4444,1
CustomerId_4445,1
CustomerId_4446,1
CustomerId_4447,1
CustomerId_4449,1
CustomerId_4450,1
CustomerId_4451,1
CustomerId_4453,0
CustomerId_4454,1
CustomerId_4455,1
CustomerId_4456,1
CustomerId_4457,1
CustomerId_4458,1
CustomerId_4459,1
CustomerId_446,1
CustomerId_4461,1
CustomerId_4462,1
CustomerId_4465,1
CustomerId_4466,1
CustomerId_4468,1
CustomerId_4469,1
CustomerId_447,1
CustomerId_4471,1
CustomerId_4472,1
CustomerId_4473,1
CustomerId_4476,1
CustomerId_4477,1
CustomerId_448,1
CustomerId_4481,1
CustomerId_4482,1
CustomerId_4483,1
CustomerId_4484,1
CustomerId_4485,1
CustomerId_4486,1
CustomerId_4487,1
CustomerId_4488,1
CustomerId_4489,1
CustomerId_449,1
CustomerId_4490,1
CustomerId_4492,1
CustomerId_4493,1
CustomerId_4494,1
CustomerId_4495,1
CustomerId_4497,1
CustomerId_4498,1
CustomerId_4499,1
CustomerId_450,1
CustomerId_4500,1
CustomerId_4501,1
CustomerId_4502,1
CustomerId_4504,1
CustomerId_4505,1
CustomerId_4507,1
CustomerId_4510,1
CustomerId_4512,1
CustomerId_4513,1
CustomerId_4517,1
CustomerId_4518,1
CustomerId_4519,1
CustomerId_452,1
CustomerId_4520,1
CustomerId_4524,1
CustomerId_4525,1
CustomerId_4526,1
CustomerId_4527,1
CustomerId_4528,1
CustomerId_453,1
CustomerId_4531,1
CustomerId_4532,1
CustomerId_4533,1
CustomerId_4534,1
CustomerId_4537,1
CustomerId_4538,1
CustomerId_4539,1
CustomerId_4540,1
CustomerId_4541,1
CustomerId_4542,1
CustomerId_4543,1
CustomerId_4544,1
CustomerId_4545,1
CustomerId_4546,1
CustomerId_4547,1
CustomerId_4548,1
CustomerId_4549,1
CustomerId_455,1
CustomerId_4550,1
CustomerId_4552,1
CustomerId_4553,1
CustomerId_4554,1
CustomerId_4555,1
CustomerId_4557,1
CustomerId_456,1
CustomerId_4560,1
CustomerId_4561,1
CustomerId_4562,1
CustomerId_4565,1
CustomerId_4567,1
CustomerId_4568,1
CustomerId_4569,1
CustomerId_457,1
CustomerId_4572,1
CustomerId_4573,1
CustomerId_4576,1
CustomerId_4577,1
CustomerId_4578,1
CustomerId_4579,1
CustomerId_4581,1
CustomerId_4583,1
CustomerId_4584,1
CustomerId_4585,1
CustomerId_4587,1
CustomerId_4588,1
CustomerId_4589,1
CustomerId_4590,1
CustomerId_4591,1
CustomerId_4592,1
CustomerId_4593,1
CustomerId_4595,1
CustomerId_4596,1
CustomerId_4598,1
CustomerId_46,1
CustomerId_4600,1
CustomerId_4601,1
CustomerId_4602,1
CustomerId_4603,1
CustomerId_4604,1
CustomerId_4605,1
CustomerId_4608,1
CustomerId_4609,1
CustomerId_4610,1
CustomerId_4611,1
CustomerId_4612,1
CustomerId_4613,1
CustomerId_4615,1
CustomerId_4616,1
CustomerId_4617,1
CustomerId_4619,1
CustomerId_462,1
CustomerId_4620,1
CustomerId_4622,1
CustomerId_4623,1
CustomerId_4624,1
CustomerId_4625,1
CustomerId_4626,1
CustomerId_4627,1
CustomerId_4629,1
CustomerId_4630,1
CustomerId_4632,1
CustomerId_4633,1
CustomerId_4634,1
CustomerId_4636,1
CustomerId_4637,1
CustomerId_4639,1
CustomerId_4640,1
CustomerId_4641,1
CustomerId_4642,1
CustomerId_4645,1
CustomerId_4647,1
CustomerId_4648,1
CustomerId_4649,1
CustomerId_4650,1
CustomerId_4651,1
CustomerId_4652,1
CustomerId_4653,1
CustomerId_4654,1
CustomerId_4655,1
CustomerId_4657,1
CustomerId_4658,1
CustomerId_4659,1
CustomerId_466,1
CustomerId_4660,1
CustomerId_4663,1
CustomerId_4664,1
CustomerId_4665,1
CustomerId_4666,1
CustomerId_4667,1
CustomerId_4669,1
CustomerId_467,1
CustomerId_4670,1
CustomerId_4671,1
CustomerId_4672,1
CustomerId_4673,1
CustomerId_4674,1
CustomerId_4677,1
CustomerId_4678,1
CustomerId_468,1
CustomerId_4680,1
CustomerId_4682,1
CustomerId_4683,1
CustomerId_4684,1
CustomerId_4685,1
CustomerId_4686,1
CustomerId_4687,1
CustomerId_4688,1
CustomerId_4689,1
CustomerId_4691,1
CustomerId_4693,1
CustomerId_4694,1
CustomerId_4697,1
CustomerId_4698,1
CustomerId_470,1
CustomerId_4701,1
CustomerId_4702,1
CustomerId_4703,1
CustomerId_4704,1
CustomerId_4706,1
CustomerId_4708,1
CustomerId_4709,1
CustomerId_471,1
CustomerId_4710,1
CustomerId_4711,1
CustomerId_4712,1
CustomerId_4713,1
CustomerId_4714,1
CustomerId_4715,1
CustomerId_4716,1
CustomerId_4717,1
CustomerId_4719,1
CustomerId_4721,1
CustomerId_4722,1
CustomerId_4725,1
CustomerId_4727,1
CustomerId_4728,1
CustomerId_473,1
CustomerId_4730,1
CustomerId_4732,1
CustomerId_4734,1
CustomerId_4737,1
CustomerId_4738,1
CustomerId_474,1
CustomerId_4740,1
CustomerId_4741,1
CustomerId_4742,1
CustomerId_4744,1
CustomerId_4746,1
CustomerId_4748,1
CustomerId_4749,1
CustomerId_4750,1
CustomerId_4753,1
CustomerId_4754,1
CustomerId_4755,1
CustomerId_4756,1
CustomerId_4757,1
CustomerId_4759,1
CustomerId_476,1
CustomerId_4763,1
CustomerId_4766,1
CustomerId_4768,1
CustomerId_4769,1
CustomerId_4770,1
CustomerId_4772,1
CustomerId_4773,1
CustomerId_4774,1
CustomerId_4775,1
CustomerId_4776,1
CustomerId_4777,1
CustomerId_4779,1
CustomerId_478,1
CustomerId_4781,1
CustomerId_4782,1
CustomerId_4784,1
CustomerId_4785,1
CustomerId_4786,1
CustomerId_4787,1
CustomerId_4788,1
CustomerId_4789,1
CustomerId_4790,1
CustomerId_4791,1
CustomerId_4792,1
CustomerId_4794,1
CustomerId_4796,1
CustomerId_4799,1
CustomerId_480,1
CustomerId_4801,1
CustomerId_4803,1
CustomerId_4805,1
CustomerId_4806,1
CustomerId_4808,1
CustomerId_4809,1
CustomerId_4812,1
CustomerId_4813,1
CustomerId_4814,1
CustomerId_4815,1
CustomerId_4816,1
CustomerId_4817,1
CustomerId_4818,1
CustomerId_482,1
CustomerId_4822,1
CustomerId_4823,1
CustomerId_4824,1
CustomerId_4825,1
CustomerId_4826,1
CustomerId_4827,1
CustomerId_4828,1
CustomerId_483,1
CustomerId_4830,1
CustomerId_4831,1
CustomerId_4832,1
CustomerId_4833,1
CustomerId_4834,1
CustomerId_4835,1
CustomerId_4836,1
CustomerId_4837,1
CustomerId_4838,1
CustomerId_4839,1
CustomerId_4840,1
CustomerId_4841,1
CustomerId_4843,1
CustomerId_4845,1
CustomerId_4846,1
CustomerId_4847,1
CustomerId_4848,1
CustomerId_485,1
CustomerId_4851,1
CustomerId_4854,1
CustomerId_4855,1
CustomerId_4856,1
CustomerId_4857,1
CustomerId_4858,1
CustomerId_4859,1
CustomerId_4861,1
CustomerId_4863,1
CustomerId_4864,1
CustomerId_4865,1
CustomerId_4866,1
CustomerId_4867,1
CustomerId_4868,1
CustomerId_487,1
CustomerId_4870,1
CustomerId_4872,1
CustomerId_4873,1
CustomerId_4875,1
CustomerId_4876,1
CustomerId_4877,1
CustomerId_4878,0
CustomerId_4879,1
CustomerId_488,1
CustomerId_4880,1
CustomerId_4882,1
CustomerId_4884,1
CustomerId_4887,1
CustomerId_4888,1
CustomerId_4889,1
CustomerId_489,1
CustomerId_4891,1
CustomerId_4892,1
CustomerId_4893,1
CustomerId_4894,1
CustomerId_4895,1
CustomerId_4896,1
CustomerId_4898,1
CustomerId_4900,1
CustomerId_4901,1
CustomerId_4902,1
CustomerId_4903,1
CustomerId_4904,1
CustomerId_4906,1
CustomerId_4908,1
CustomerId_491,1
CustomerId_4911,1
CustomerId_4912,1
CustomerId_4913,1
CustomerId_4915,1
CustomerId_4917,1
CustomerId_492,1
CustomerId_4920,1
CustomerId_4921,1
CustomerId_4922,1
CustomerId_4923,1
CustomerId_4924,1
CustomerId_4925,1
CustomerId_4926,1
CustomerId_4927,1
CustomerId_4928,1
CustomerId_4929,1
CustomerId_493,1
CustomerId_4931,1
CustomerId_4932,1
CustomerId_4933,1
CustomerId_4934,1
CustomerId_4935,1
CustomerId_4936,1
CustomerId_4938,1
CustomerId_4939,1
CustomerId_494,1
CustomerId_4940,1
CustomerId_4941,1
CustomerId_4942,1
CustomerId_4943,1
CustomerId_4944,1
CustomerId_4945,1
CustomerId_4946,1
CustomerId_4947,1
CustomerId_4948,1
CustomerId_4949,1
CustomerId_495,1
CustomerId_4951,1
CustomerId_4953,1
CustomerId_4954,1
CustomerId_4955,1
CustomerId_4956,1
CustomerId_4957,1
CustomerId_4958,1
CustomerId_4959,1
CustomerId_496,1
CustomerId_4961,1
CustomerId_4963,1
CustomerId_4965,1
CustomerId_4966,1
CustomerId_4968,1
CustomerId_4969,1
CustomerId_497,1
CustomerId_4970,1
CustomerId_4971,1
CustomerId_4972,1
CustomerId_4973,1
CustomerId_4976,1
CustomerId_4977,1
CustomerId_4978,1
CustomerId_4979,1
CustomerId_498,1
CustomerId_4980,1
CustomerId_4982,1
CustomerId_4983,1
CustomerId_4984,1
CustomerId_4986,1
CustomerId_4987,1
CustomerId_4989,1
CustomerId_4990,1
CustomerId_4993,1
CustomerId_4994,1
CustomerId_4997,1
CustomerId_4998,1
CustomerId_4999,1
CustomerId_5,1
CustomerId_500,1
CustomerId_5000,1
CustomerId_5001,1
CustomerId_5002,1
CustomerId_5003,1
CustomerId_5004,1
CustomerId_5006,1
CustomerId_5007,1
CustomerId_5008,1
CustomerId_5009,1
CustomerId_501,1
CustomerId_5010,1
CustomerId_5013,1
CustomerId_5014,1
CustomerId_5015,1
CustomerId_5016,1
CustomerId_5018,1
CustomerId_5019,1
CustomerId_502,1
CustomerId_5021,1
CustomerId_5022,1
CustomerId_5024,1
CustomerId_5026,1
CustomerId_5027,1
CustomerId_5028,1
CustomerId_5029,1
CustomerId_503,1
CustomerId_5030,1
CustomerId_5031,1
CustomerId_5032,1
CustomerId_5033,1
CustomerId_5034,1
CustomerId_5035,1
CustomerId_5036,1
CustomerId_5037,1
CustomerId_5039,1
CustomerId_504,1
CustomerId_5040,1
CustomerId_5041,1
CustomerId_5042,1
CustomerId_5043,1
CustomerId_5044,1
CustomerId_5045,1
CustomerId_5046,1
CustomerId_5047,1
CustomerId_5048,1
CustomerId_5049,1
CustomerId_505,1
CustomerId_5050,1
CustomerId_5051,1
CustomerId_5052,1
CustomerId_5054,1
CustomerId_5056,1
CustomerId_5057,1
CustomerId_506,1
CustomerId_5060,1
CustomerId_5061,1
CustomerId_5065,1
CustomerId_5066,1
CustomerId_5067,1
CustomerId_5068,1
CustomerId_5069,1
CustomerId_507,1
CustomerId_5073,1
CustomerId_5074,1
CustomerId_5076,1
CustomerId_508,1
CustomerId_5080,1
CustomerId_5081,1
CustomerId_5082,1
CustomerId_5085,1
CustomerId_5087,1
CustomerId_5089,1
CustomerId_509,1
CustomerId_5090,1
CustomerId_5091,1
CustomerId_5092,1
CustomerId_5094,1
CustomerId_5095,1
CustomerId_5097,1
CustomerId_5099,1
CustomerId_5100,1
CustomerId_5101,1
CustomerId_5103,1
CustomerId_5105,1
CustomerId_5106,1
CustomerId_5107,1
CustomerId_5108,1
CustomerId_511,1
CustomerId_5111,1
CustomerId_5112,1
CustomerId_5113,1
CustomerId_5115,1
CustomerId_5116,1
CustomerId_5118,1
CustomerId_5119,1
CustomerId_5120,1
CustomerId_5121,1
CustomerId_5122,1
CustomerId_5123,1
CustomerId_5124,1
CustomerId_5126,1
CustomerId_5127,1
CustomerId_5128,1
CustomerId_5129,1
CustomerId_513,1
CustomerId_5130,1
CustomerId_5131,1
CustomerId_5132,1
CustomerId_5133,1
CustomerId_5134,1
CustomerId_5137,1
CustomerId_5138,1
CustomerId_5139,1
CustomerId_514,1
CustomerId_5140,1
CustomerId_5141,1
CustomerId_5142,1
CustomerId_5145,1
CustomerId_5146,1
CustomerId_5147,1
CustomerId_5148,1
CustomerId_5149,1
CustomerId_515,1
CustomerId_5150,1
CustomerId_5152,1
CustomerId_5154,1
CustomerId_5155,0
CustomerId_5156,1
CustomerId_5157,1
CustomerId_5159,1
CustomerId_516,1
CustomerId_5160,1
CustomerId_5162,1
CustomerId_5163,1
CustomerId_5164,1
CustomerId_5165,1
CustomerId_5166,1
CustomerId_5167,1
CustomerId_5168,1
CustomerId_5169,1
CustomerId_517,1
CustomerId_5170,1
CustomerId_5171,1
CustomerId_5172,1
CustomerId_5173,1
CustomerId_5174,1
CustomerId_5175,1
CustomerId_5176,1
CustomerId_5177,1
CustomerId_5178,1
CustomerId_5179,1
CustomerId_518,1
CustomerId_5180,1
CustomerId_5181,1
CustomerId_5183,1
CustomerId_5184,1
CustomerId_5185,1
CustomerId_5186,1
CustomerId_5189,1
CustomerId_5192,1
CustomerId_5194,1
CustomerId_5196,1
CustomerId_5198,1
CustomerId_5199,1
CustomerId_520,1
CustomerId_5200,1
CustomerId_5201,1
CustomerId_5202,1
CustomerId_5203,1
CustomerId_5204,1
CustomerId_5206,1
CustomerId_5207,1
CustomerId_5208,1
CustomerId_521,1
CustomerId_5210,1
CustomerId_5211,1
CustomerId_5212,1
CustomerId_5214,1
CustomerId_5216,1
CustomerId_5218,1
CustomerId_522,1
CustomerId_5221,1
CustomerId_5223,1
CustomerId_5225,1
CustomerId_5226,1
CustomerId_5227,1
CustomerId_5229,1
CustomerId_523,1
CustomerId_5231,1
CustomerId_5232,1
CustomerId_5233,1
CustomerId_5236,1
CustomerId_5237,1
CustomerId_5238,1
CustomerId_5239,1
CustomerId_524,1
CustomerId_5240,1
CustomerId_5242,1
CustomerId_5243,1
CustomerId_5245,1
CustomerId_5246,1
CustomerId_5248,1
CustomerId_5249,1
CustomerId_525,1
CustomerId_5251,1
CustomerId_5253,1
CustomerId_5254,1
CustomerId_5255,1
CustomerId_5256,1
CustomerId_5257,1
CustomerId_5258,1
CustomerId_5259,1
CustomerId_5260,1
CustomerId_5261,1
CustomerId_5262,1
CustomerId_5263,1
CustomerId_5264,1
CustomerId_5265,1
CustomerId_5266,1
CustomerId_5267,1
CustomerId_5269,1
CustomerId_527,1
CustomerId_5271,1
CustomerId_5272,1
CustomerId_5273,1
CustomerId_5274,1
CustomerId_5276,1
CustomerId_5277,1
CustomerId_5278,1
CustomerId_528,1
CustomerId_5280,1
CustomerId_5281,1
CustomerId_5282,1
CustomerId_5283,1
CustomerId_5284,1
CustomerId_5285,1
CustomerId_5286,1
CustomerId_5287,1
CustomerId_5289,1
CustomerId_529,1
CustomerId_5290,1
CustomerId_5291,1
CustomerId_5292,1
CustomerId_5293,1
CustomerId_5294,1
CustomerId_5297,1
CustomerId_5298,1
CustomerId_530,1
CustomerId_531,1
CustomerId_532,1
CustomerId_533,1
CustomerId_5338,1
CustomerId_5339,1
CustomerId_534,1
CustomerId_535,1
CustomerId_539,1
CustomerId_540,1
CustomerId_541,1
CustomerId_542,1
CustomerId_543,1
CustomerId_544,1
CustomerId_545,1
CustomerId_546,1
CustomerId_547,1
CustomerId_549,1
CustomerId_550,1
CustomerId_551,1
CustomerId_556,1
CustomerId_557,1
CustomerId_558,1
CustomerId_559,1
CustomerId_560,1
CustomerId_561,1
CustomerId_563,1
CustomerId_565,1
CustomerId_566,1
CustomerId_567,1
CustomerId_568,1
CustomerId_571,1
CustomerId_572,1
CustomerId_573,1
CustomerId_574,1
CustomerId_575,1
CustomerId_576,1
CustomerId_577,1
CustomerId_578,1
CustomerId_581,1
CustomerId_582,1
CustomerId_583,1
CustomerId_584,1
CustomerId_585,1
CustomerId_586,1
CustomerId_587,1
CustomerId_588,1
CustomerId_590,1
CustomerId_592,1
CustomerId_593,1
CustomerId_594,1
CustomerId_595,1
CustomerId_596,1
CustomerId_598,1
CustomerId_599,1
CustomerId_6,1
CustomerId_600,1
CustomerId_601,1
CustomerId_602,1
CustomerId_603,1
CustomerId_604,1
CustomerId_605,1
CustomerId_606,1
CustomerId_607,1
CustomerId_609,1
CustomerId_610,1
CustomerId_611,1
CustomerId_612,1
CustomerId_613,1
CustomerId_614,1
CustomerId_619,1
CustomerId_620,1
CustomerId_621,1
CustomerId_622,1
CustomerId_624,1
CustomerId_625,1
CustomerId_627,1
CustomerId_629,1
CustomerId_630,1
CustomerId_633,1
CustomerId_636,1
CustomerId_638,1
CustomerId_639,1
CustomerId_640,1
CustomerId_642,1
CustomerId_643,1
CustomerId_644,1
CustomerId_645,1
CustomerId_646,1
CustomerId_647,1
CustomerId_648,1
CustomerId_650,1
CustomerId_651,1
CustomerId_652,1
CustomerId_653,1
CustomerId_654,1
CustomerId_655,1
CustomerId_656,1
CustomerId_658,1
CustomerId_660,1
CustomerId_661,1
CustomerId_662,1
CustomerId_664,1
CustomerId_665,1
CustomerId_666,1
CustomerId_667,1
CustomerId_668,1
CustomerId_670,1
CustomerId_672,1
CustomerId_673,1
CustomerId_677,1
CustomerId_679,1
CustomerId_680,1
CustomerId_681,1
CustomerId_682,1
CustomerId_683,1
CustomerId_684,1
CustomerId_687,1
CustomerId_689,1
CustomerId_690,1
CustomerId_691,1
CustomerId_692,1
CustomerId_693,1
CustomerId_694,1
CustomerId_695,1
CustomerId_696,1
CustomerId_697,1
CustomerId_698,1
CustomerId_699,1
CustomerId_7,1
CustomerId_700,1
CustomerId_701,1
CustomerId_702,1
CustomerId_703,1
CustomerId_704,1
CustomerId_705,1
CustomerId_706,1
CustomerId_707,1
CustomerId_708,1
CustomerId_709,1
CustomerId_710,1
CustomerId_711,1
CustomerId_7112,1
CustomerId_712,1
CustomerId_713,1
CustomerId_714,1
CustomerId_715,1
CustomerId_716,1
CustomerId_717,1
CustomerId_718,1
CustomerId_720,1
CustomerId_723,1
CustomerId_727,1
CustomerId_728,1
CustomerId_729,1
CustomerId_730,1
CustomerId_732,1
CustomerId_7321,1
CustomerId_7323,1
CustomerId_7324,1
CustomerId_7325,1
CustomerId_7326,1
CustomerId_7327,1
CustomerId_7328,1
CustomerId_7329,1
CustomerId_733,1
CustomerId_7331,1
CustomerId_7332,1
CustomerId_7333,1
CustomerId_7334,1
CustomerId_7335,1
CustomerId_7336,1
CustomerId_7338,1
CustomerId_7339,1
CustomerId_734,1
CustomerId_7340,1
CustomerId_7341,1
CustomerId_7343,1
CustomerId_7344,1
CustomerId_735,1
CustomerId_738,1
CustomerId_739,1
CustomerId_740,1
CustomerId_7401,1
CustomerId_7402,1
CustomerId_7403,1
CustomerId_7404,1
CustomerId_7405,1
CustomerId_7406,1
CustomerId_7407,1
CustomerId_7408,1
CustomerId_7409,1
CustomerId_7410,1
CustomerId_7411,1
CustomerId_7412,1
CustomerId_7413,1
CustomerId_7414,1
CustomerId_7415,1
CustomerId_7416,1
CustomerId_7417,1
CustomerId_7418,1
CustomerId_7419,1
CustomerId_742,1
CustomerId_7420,1
CustomerId_7421,1
CustomerId_7422,1
CustomerId_7423,1
CustomerId_7424,1
CustomerId_7425,1
CustomerId_7426,1
CustomerId_7427,1
CustomerId_7428,1
CustomerId_7429,1
CustomerId_7430,1
CustomerId_7431,1
CustomerId_7433,1
CustomerId_7434,1
CustomerId_7435,1
CustomerId_7436,1
CustomerId_7437,1
CustomerId_7438,1
CustomerId_7439,1
CustomerId_7440,1
CustomerId_7441,1
CustomerId_7442,1
CustomerId_7443,1
CustomerId_7444,1
CustomerId_7445,1
CustomerId_7446,1
CustomerId_7447,1
CustomerId_7448,1
CustomerId_745,1
CustomerId_7450,1
CustomerId_7451,1
CustomerId_7452,1
CustomerId_7453,1
CustomerId_7454,1
CustomerId_7455,1
CustomerId_7456,1
CustomerId_7457,1
CustomerId_7458,1
CustomerId_7459,1
CustomerId_746,1
CustomerId_7460,1
CustomerId_7461,1
CustomerId_7462,1
CustomerId_7463,1
CustomerId_7464,1
CustomerId_7465,1
CustomerId_7466,1
CustomerId_7467,1
CustomerId_7468,1
CustomerId_7469,1
CustomerId_7470,1
CustomerId_7471,1
CustomerId_7472,1
CustomerId_7473,1
CustomerId_7474,1
CustomerId_7475,1
CustomerId_7476,1
CustomerId_7477,1
CustomerId_7478,1
CustomerId_7479,1
CustomerId_748,1
CustomerId_749,1
CustomerId_753,1
CustomerId_754,1
CustomerId_755,1
CustomerId_756,1
CustomerId_757,1
CustomerId_759,1
CustomerId_760,1
CustomerId_761,1
CustomerId_764,1
CustomerId_767,1
CustomerId_768,1
CustomerId_770,1
CustomerId_771,1
CustomerId_773,1
CustomerId_774,1
CustomerId_775,1
CustomerId_776,1
CustomerId_778,1
CustomerId_779,1
CustomerId_780,1
CustomerId_781,1
CustomerId_784,1
CustomerId_785,1
CustomerId_786,1
CustomerId_787,1
CustomerId_789,1
CustomerId_790,1
CustomerId_791,1
CustomerId_793,1
CustomerId_794,1
CustomerId_795,1
CustomerId_797,1
CustomerId_798,1
CustomerId_799,1
CustomerId_8,1
CustomerId_800,1
CustomerId_801,1
CustomerId_802,1
CustomerId_804,1
CustomerId_806,1
CustomerId_807,1
CustomerId_808,1
CustomerId_810,1
CustomerId_812,1
CustomerId_813,1
CustomerId_814,1
CustomerId_816,1
CustomerId_821,1
CustomerId_823,1
CustomerId_824,1
CustomerId_825,1
CustomerId_826,1
CustomerId_827,1
CustomerId_828,1
CustomerId_829,1
CustomerId_830,1
CustomerId_832,1
CustomerId_834,1
CustomerId_838,1
CustomerId_839,1
CustomerId_840,1
CustomerId_841,1
CustomerId_842,1
CustomerId_843,1
CustomerId_844,1
CustomerId_845,1
CustomerId_846,1
CustomerId_847,1
CustomerId_848,1
CustomerId_851,1
CustomerId_853,1
CustomerId_854,1
CustomerId_855,1
CustomerId_856,1
CustomerId_857,1
CustomerId_858,1
CustomerId_860,1
CustomerId_861,1
CustomerId_863,1
CustomerId_864,1
CustomerId_865,1
CustomerId_867,1
CustomerId_868,1
CustomerId_870,1
CustomerId_872,1
CustomerId_873,1
CustomerId_877,1
CustomerId_880,1
CustomerId_881,1
CustomerId_882,1
CustomerId_883,1
CustomerId_884,1
CustomerId_885,1
CustomerId_887,1
CustomerId_888,1
CustomerId_889,1
CustomerId_89,1
CustomerId_890,1
CustomerId_892,1
CustomerId_893,1
CustomerId_894,1
CustomerId_895,1
CustomerId_896,1
CustomerId_898,1
CustomerId_899,1
CustomerId_9,1
CustomerId_900,1
CustomerId_903,1
CustomerId_905,1
CustomerId_906,1
CustomerId_907,1
CustomerId_908,1
CustomerId_909,0
CustomerId_911,1
CustomerId_912,1
CustomerId_913,1
CustomerId_915,1
CustomerId_916,1
CustomerId_917,1
CustomerId_919,1
CustomerId_920,1
CustomerId_921,1
CustomerId_922,1
CustomerId_923,1
CustomerId_924,1
CustomerId_925,1
CustomerId_926,1
CustomerId_927,1
CustomerId_928,1
CustomerId_929,1
CustomerId_930,1
CustomerId_931,1
CustomerId_932,1
CustomerId_934,1
CustomerId_936,1
CustomerId_938,1
CustomerId_940,1
CustomerId_942,1
CustomerId_943,1
CustomerId_944,1
CustomerId_945,1
CustomerId_946,1
CustomerId_947,1
CustomerId_948,1
CustomerId_949,1
CustomerId_951,1
CustomerId_954,1
CustomerId_957,1
CustomerId_958,1
CustomerId_959,1
CustomerId_960,1
CustomerId_961,1
CustomerId_962,1
CustomerId_963,1
CustomerId_966,1
CustomerId_967,1
CustomerId_968,1
CustomerId_969,1
CustomerId_972,1
CustomerId_974,1
CustomerId_975,1
CustomerId_977,1
CustomerId_978,1
CustomerId_979,1
CustomerId_982,1
CustomerId_986,1
CustomerId_987,1
CustomerId_988,1
CustomerId_989,1
CustomerId_990,1
CustomerId_991,1
CustomerId_992,1
CustomerId_993,1
CustomerId_994,1
CustomerId_996,1
CustomerId_998,1
